,sub_id,confirmed_bookings,months_since_first_sub,active_months,cancelled_months,months_since_last_sub_change
0,323,121,21,4,18,2
1,342,110,20,7,14,3
2,53,122,22,11,12,1
3,289,112,21,5,17,7
4,166,105,23,9,15,4
5,839,126,23,12,12,2
6,490,98,22,18,5,1
7,958,100,22,7,16,10
8,473,91,21,20,2,8
9,4,113,20,8,13,6
10,656,108,22,10,13,4
11,957,115,23,5,19,0
12,1,99,22,5,18,1
13,596,105,21,14,8,3
14,261,102,22,13,10,1
15,129,87,21,11,11,2
16,23,102,14,6,9,0
17,637,96,18,10,9,11
18,68,109,21,6,16,1
19,180,108,22,14,9,1
20,17,94,21,17,5,0
21,122,107,20,11,10,1
22,42,119,21,14,8,1
23,668,113,19,18,2,4
24,915,112,20,10,11,1
25,119,111,21,8,14,0
26,118,95,18,13,6,8
27,751,102,22,16,7,1
28,802,113,23,11,13,8
29,595,111,21,19,3,9
30,465,106,17,4,14,3
31,883,87,21,14,8,1
32,391,114,18,7,12,0
33,351,111,22,12,11,0
34,671,107,23,10,14,12
35,434,93,21,8,14,1
36,607,104,21,8,14,4
37,172,100,23,11,13,3
38,964,98,22,11,12,2
39,217,121,12,7,6,3
40,138,102,21,15,7,2
41,919,116,18,2,17,15
42,194,103,19,11,9,1
43,845,113,23,15,9,5
44,587,106,23,5,19,1
45,49,93,19,14,6,1
46,949,111,19,14,6,15
47,555,105,16,4,13,1
48,520,99,21,14,8,0
49,793,110,20,7,14,2
50,824,94,20,9,12,2
51,842,100,21,18,4,2
52,589,116,20,7,14,5
53,814,92,19,12,8,0
54,952,121,18,12,7,4
55,885,113,18,5,14,5
56,754,96,23,14,10,2
57,48,117,23,8,16,0
58,682,101,16,10,7,6
59,848,88,22,4,19,10
60,130,95,16,6,11,0
61,933,96,19,9,11,1
62,750,94,19,8,12,0
63,163,93,19,13,7,2
64,320,103,19,16,4,19
65,616,103,21,8,14,4
66,679,96,13,11,3,5
67,110,106,17,15,3,5
68,482,107,16,8,9,6
69,736,102,17,5,13,8
70,994,107,22,6,17,9
71,991,100,20,9,12,8
72,716,98,18,15,4,4
73,748,108,19,14,6,2
74,330,124,21,9,13,2
75,805,107,17,11,7,12
76,91,107,10,7,4,7
77,776,92,18,0,19,0
78,761,104,20,11,10,0
79,725,103,19,9,11,5
80,426,96,21,17,5,1
81,28,100,11,2,10,0
82,840,102,19,10,10,3
83,943,115,20,10,11,2
84,590,109,22,5,18,2
85,250,102,22,6,17,1
86,553,104,15,12,4,6
87,982,99,21,6,16,2
88,974,87,19,5,15,1
89,133,105,14,9,6,2
90,765,91,22,11,12,3
91,7,100,19,17,3,3
92,30,91,23,14,10,7
93,460,101,21,13,9,1
94,249,109,21,7,15,14
95,307,117,20,11,10,4
96,699,134,20,16,5,4
97,598,88,17,7,11,3
98,471,111,20,14,7,4
99,713,104,15,8,8,13
100,115,117,18,9,10,4
101,273,134,14,5,10,1
102,486,107,19,5,15,10
103,62,108,23,17,7,4
104,285,133,21,13,9,2
105,955,112,22,13,10,1
106,278,111,23,18,6,3
107,503,113,22,19,4,0
108,303,94,21,9,13,7
109,254,98,16,6,11,2
110,791,104,21,10,12,2
111,186,111,21,5,17,1
112,540,118,19,14,6,1
113,41,101,20,7,14,1
114,704,95,23,10,14,14
115,496,118,23,15,9,0
116,968,109,16,10,7,0
117,822,96,21,14,8,4
118,514,95,17,10,8,1
119,382,88,23,9,15,6
120,1000,105,15,7,9,4
121,787,106,19,8,12,4
122,170,117,19,7,13,4
123,393,115,20,7,14,17
124,914,109,18,12,7,2
125,864,127,19,6,14,2
126,374,120,22,19,4,1
127,332,107,22,8,15,1
128,34,95,23,17,7,2
129,438,115,21,8,14,1
130,499,110,21,17,5,2
131,981,98,22,13,10,2
132,992,130,22,7,16,10
133,8,119,14,1,14,3
134,545,102,20,5,16,8
135,161,100,18,12,7,2
136,913,130,20,13,8,3
137,769,108,23,20,4,7
138,813,103,19,17,3,2
139,367,98,22,15,8,4
140,381,97,19,12,8,4
141,747,113,22,9,14,10
142,9,108,20,14,7,1
143,739,95,20,12,9,3
144,877,108,16,5,12,3
145,29,102,22,13,10,6
146,335,112,23,17,7,4
147,297,110,22,16,7,3
148,128,93,22,9,14,1
149,446,114,20,13,8,4
150,76,108,20,12,9,1
151,144,134,21,5,17,1
152,425,104,23,11,13,9
153,734,120,23,16,8,6
154,796,91,18,9,10,4
155,737,102,20,12,9,1
156,77,110,23,9,15,1
157,613,115,23,9,15,1
158,165,108,19,8,12,1
159,636,120,23,7,17,0
160,689,94,22,15,8,0
161,833,104,20,16,5,1
162,343,104,23,12,12,0
163,662,108,15,10,6,4
164,142,97,21,5,17,1
165,440,121,23,19,5,2
166,83,88,21,12,10,6
167,411,118,23,11,13,7
168,149,97,22,3,20,16
169,192,99,19,9,11,2
170,541,91,15,11,5,6
171,602,106,22,12,11,2
172,617,76,12,9,4,6
173,98,112,20,19,2,3
174,46,133,23,12,12,3
175,707,122,21,12,10,3
176,5,108,18,5,14,8
177,326,103,20,18,3,0
178,820,131,21,12,10,4
179,164,109,17,9,9,3
180,969,98,18,8,11,1
181,871,95,18,4,15,3
182,566,104,22,6,17,7
183,454,108,23,18,6,7
184,509,102,18,6,13,0
185,884,101,23,12,12,1
186,185,109,20,14,7,2
187,224,74,16,3,14,7
188,88,115,22,11,12,11
189,379,98,23,16,8,4
190,950,112,19,6,14,2
191,423,115,20,9,12,0
192,570,95,23,11,13,1
193,287,106,18,2,17,18
194,588,106,22,9,14,6
195,584,120,23,17,7,3
196,75,90,18,8,11,1
197,225,117,14,4,11,1
198,756,112,22,8,15,6
199,681,113,21,7,15,3
200,262,100,23,4,20,11
201,458,100,21,6,16,1
202,476,109,22,18,5,1
203,916,97,19,9,11,3
204,551,127,21,19,3,4
205,861,120,21,14,8,9
206,817,120,18,13,6,11
207,412,93,21,3,19,5
208,324,111,22,11,12,1
209,893,83,19,5,15,2
210,302,130,23,5,19,2
211,890,84,22,11,12,3
212,519,99,22,16,7,1
213,33,87,22,15,8,2
214,518,112,20,8,13,2
215,726,99,21,11,11,0
216,6,112,17,9,9,2
217,733,120,20,9,12,0
218,402,105,19,10,10,4
219,79,113,21,11,11,1
220,222,93,21,18,4,1
221,998,114,19,16,4,3
222,378,102,22,10,13,0
223,152,93,19,6,14,3
224,421,98,22,16,7,1
225,946,98,15,5,11,9
226,924,102,22,18,5,3
227,867,122,19,4,16,1
228,599,102,18,9,10,8
229,372,109,20,15,6,2
230,650,97,23,10,14,1
231,684,106,19,9,11,1
232,106,93,18,14,5,0
233,464,76,16,6,11,1
234,436,111,20,5,16,14
235,70,116,22,18,5,7
236,357,110,16,14,3,0
237,227,105,17,6,12,4
238,723,100,23,13,11,4
239,836,109,21,16,6,4
240,719,107,21,9,13,16
241,828,106,21,10,12,3
242,32,111,23,10,14,4
243,290,90,23,17,7,6
244,646,106,19,6,14,0
245,711,112,23,15,9,3
246,169,100,23,15,9,3
247,966,103,21,11,11,7
248,939,115,18,12,7,5
249,51,121,23,17,7,1
250,527,93,14,4,11,4
251,394,115,22,1,22,4
252,292,110,19,13,7,1
253,243,108,19,12,8,2
254,694,123,22,2,21,2
255,201,88,20,14,7,3
256,580,89,18,3,16,5
257,39,118,22,7,16,2
258,902,104,22,21,2,1
259,47,99,23,11,13,1
260,89,106,23,11,13,5
261,245,109,22,12,11,3
262,196,97,23,13,11,4
263,443,138,23,15,9,9
264,908,94,23,8,16,3
265,310,115,18,16,3,2
266,484,113,23,16,8,6
267,905,115,19,5,15,4
268,517,100,21,8,14,0
269,948,97,21,6,16,17
270,896,96,23,13,11,1
271,766,96,22,15,8,1
272,112,93,18,6,13,1
273,104,112,22,12,11,7
274,627,96,23,8,16,3
275,64,79,22,14,9,2
276,474,97,22,4,19,7
277,516,112,17,7,11,1
278,114,102,21,14,8,1
279,683,101,22,2,21,15
280,220,119,19,10,10,3
281,375,100,23,18,6,5
282,826,111,22,14,9,1
283,424,125,22,16,7,5
284,568,115,22,15,8,2
285,12,110,20,8,13,4
286,579,104,20,10,11,10
287,606,111,19,16,4,4
288,178,105,22,11,12,1
289,819,107,19,14,6,1
290,453,96,22,13,10,0
291,305,120,22,8,15,3
292,922,116,23,12,12,3
293,644,102,22,16,7,2
294,65,101,23,20,4,1
295,715,102,23,9,15,2
296,415,125,22,8,15,0
297,31,118,23,21,3,3
298,898,110,19,11,9,4
299,82,113,22,13,10,8
300,318,113,23,11,13,1
301,419,100,20,11,10,2
302,439,111,23,4,20,7
303,494,94,20,13,8,0
304,758,106,21,16,6,8
305,317,109,20,12,9,9
306,294,122,19,12,8,4
307,712,101,22,21,2,1
308,542,98,22,9,14,2
309,536,81,22,23,0,0
310,703,111,22,17,6,6
311,735,110,21,12,10,2
312,757,107,20,14,7,3
313,35,103,21,3,19,4
314,978,113,18,9,10,1
315,497,116,23,18,6,1
316,744,106,20,5,16,8
317,488,101,21,13,9,3
318,698,109,20,12,9,2
319,182,92,20,8,13,0
320,309,126,22,12,11,2
321,862,104,22,13,10,4
322,348,120,23,11,13,7
323,253,123,23,9,15,6
324,934,117,21,15,7,5
325,690,118,12,12,1,2
326,810,101,11,10,2,2
327,800,112,22,6,17,4
328,632,117,19,8,12,0
329,340,105,20,11,10,2
330,549,108,22,14,9,1
331,244,95,16,6,11,1
332,572,92,22,7,16,2
333,365,109,20,8,13,3
334,276,109,18,12,7,4
335,444,90,19,9,11,1
336,492,109,22,12,11,1
337,801,113,14,11,4,4
338,252,117,22,11,12,1
339,384,89,22,7,16,2
340,928,128,20,7,14,12
341,965,92,20,8,13,8
342,242,105,18,16,3,6
343,526,101,20,17,4,6
344,977,105,23,8,16,2
345,604,103,16,7,10,4
346,80,118,20,11,10,5
347,472,125,20,9,12,0
348,993,112,18,6,13,4
349,300,104,18,7,12,6
350,557,113,21,15,7,0
351,601,106,21,9,13,0
352,728,107,15,3,13,1
353,655,120,18,4,15,5
354,803,117,19,12,8,1
355,548,134,23,16,8,4
356,645,111,19,9,11,2
357,174,118,19,13,7,6
358,633,112,21,14,8,10
359,24,129,23,16,8,1
360,746,97,22,8,15,15
361,900,98,20,12,9,14
362,355,95,22,13,10,0
363,513,114,22,10,13,0
364,876,106,18,6,13,3
365,953,113,17,6,12,3
366,389,103,19,2,18,2
367,559,104,20,10,11,0
368,798,116,16,14,3,1
369,515,105,18,3,16,1
370,401,103,21,17,5,0
371,888,103,18,7,12,2
372,364,99,22,12,11,0
373,428,127,16,7,10,9
374,409,93,20,11,10,7
375,148,120,20,10,11,2
376,156,92,20,18,3,1
377,911,106,18,1,18,1
378,591,114,21,4,18,5
379,951,122,10,3,8,0
380,341,111,20,10,11,7
381,749,107,21,8,14,3
382,634,110,21,8,14,10
383,592,103,17,7,11,9
384,931,91,23,8,16,6
385,69,119,17,6,12,1
386,546,111,22,12,11,2
387,705,100,18,8,11,8
388,718,114,22,12,11,6
389,507,126,17,16,2,6
390,177,118,22,11,12,1
391,799,108,13,9,5,1
392,932,104,21,4,18,8
393,193,105,21,8,14,5
394,22,109,20,3,18,5
395,181,92,17,12,6,1
396,123,117,19,12,8,1
397,10,79,18,6,13,1
398,452,87,23,12,12,5
399,319,103,22,8,15,5
400,188,109,19,20,0,0
401,547,119,23,7,17,0
402,539,100,23,23,1,0
403,511,105,22,13,10,8
404,535,90,20,15,6,7
405,512,97,18,10,9,8
406,40,121,19,8,12,2
407,345,96,23,16,8,1
408,816,109,23,18,6,0
409,85,83,17,8,10,2
410,113,104,23,23,1,1
411,859,106,23,9,15,7
412,674,115,18,14,5,5
413,198,133,17,9,9,0
414,841,100,18,8,11,7
415,175,115,23,7,17,3
416,2,101,23,17,7,1
417,132,103,22,13,10,2
418,794,117,19,5,15,7
419,204,102,16,1,16,10
420,534,130,22,2,21,8
421,140,94,20,17,4,1
422,321,108,22,12,11,2
423,947,97,20,8,13,2
424,315,118,23,12,12,1
425,852,113,17,8,10,1
426,363,86,22,15,8,4
427,743,129,17,11,7,1
428,368,104,22,10,13,11
429,322,120,17,2,16,15
430,395,117,23,1,23,0
431,976,99,16,8,9,8
432,505,112,20,10,11,2
433,853,113,20,5,16,1
434,271,107,15,7,9,4
435,263,121,19,15,5,4
436,485,102,22,7,16,1
437,702,102,22,2,21,19
438,882,107,17,5,13,15
439,95,114,19,17,3,3
440,125,115,21,19,3,6
441,659,121,21,8,14,1
442,561,109,21,14,8,0
443,926,131,21,15,7,2
444,578,111,22,3,20,2
445,823,109,20,5,16,2
446,760,122,22,11,12,3
447,383,80,17,8,10,1
448,136,111,20,16,5,0
449,408,83,22,15,8,1
450,121,109,19,8,12,0
451,564,115,22,9,14,1
452,740,120,21,14,8,3
453,344,112,19,9,11,1
454,312,122,22,1,22,22
455,851,120,23,6,18,4
456,560,104,22,16,7,5
457,449,105,21,8,14,2
458,582,123,21,14,8,2
459,875,116,23,17,7,1
460,405,85,22,9,14,4
461,26,94,20,16,5,2
462,700,103,12,8,5,8
463,117,103,22,13,10,4
464,807,108,9,7,3,4
465,92,90,23,15,9,3
466,167,118,23,7,17,0
467,635,89,15,4,12,5
468,304,98,21,10,12,1
469,940,91,23,10,14,7
470,37,105,20,9,12,2
471,846,100,19,10,10,1
472,762,112,19,8,12,1
473,661,125,20,16,5,1
474,229,112,21,7,15,3
475,688,113,23,9,15,8
476,808,121,20,9,12,2
477,818,109,22,17,6,2
478,593,108,21,16,6,5
479,475,98,20,6,15,5
480,727,117,19,8,12,16
481,829,90,16,10,7,0
482,618,112,20,14,7,4
483,489,122,22,12,11,10
484,325,104,22,14,9,0
485,437,103,18,5,14,11
486,362,110,23,9,15,3
487,223,110,23,18,6,2
488,427,119,15,7,9,1
489,886,115,23,23,1,5
490,631,104,19,10,10,3
491,127,106,20,13,8,1
492,585,96,17,6,12,7
493,577,110,22,11,12,1
494,639,125,20,12,9,9
495,821,102,18,13,6,3
496,706,100,20,6,15,4
497,752,106,23,15,9,2
498,811,103,22,7,16,1
499,366,108,23,7,17,7
500,240,120,21,3,19,11
501,980,105,22,9,14,1
502,334,111,21,21,1,1
503,538,108,22,16,7,0
504,730,126,20,14,7,9
505,680,114,22,8,15,2
506,212,107,19,8,12,7
507,406,121,16,9,8,3
508,269,108,19,12,8,3
509,155,116,18,4,15,5
510,328,119,19,15,5,5
511,71,102,22,6,17,11
512,176,122,23,10,14,0
513,709,106,21,11,11,11
514,960,126,21,12,10,1
515,218,95,19,9,11,1
516,967,100,20,9,12,4
517,987,110,22,8,15,0
518,963,111,17,3,15,16
519,910,88,23,21,3,5
520,782,98,21,5,17,2
521,918,97,18,12,7,4
522,923,117,19,9,11,1
523,339,94,22,12,11,1
524,272,91,23,12,12,0
525,878,122,22,6,17,3
526,469,100,19,8,12,7
527,154,102,19,9,11,6
528,781,115,23,11,13,4
529,158,122,21,11,11,11
530,925,105,22,12,11,1
531,268,107,23,16,8,2
532,784,93,21,11,11,4
533,874,108,19,19,1,5
534,502,121,22,13,10,1
535,869,108,20,5,16,3
536,785,90,23,12,12,5
537,410,102,21,18,4,1
538,537,141,23,8,16,1
539,653,127,22,11,12,7
540,522,111,23,9,15,2
541,722,114,22,12,11,2
542,745,104,20,8,13,1
543,404,94,23,16,8,1
544,562,106,19,7,13,2
545,657,102,17,11,7,1
546,831,95,21,15,7,2
547,387,102,19,4,16,1
548,676,118,22,17,6,2
549,567,113,16,6,11,3
550,143,117,22,13,10,10
551,386,109,21,13,9,1
552,854,101,20,14,7,1
553,385,113,23,19,5,6
554,162,130,22,7,16,1
555,594,115,14,5,10,6
556,880,104,17,12,6,2
557,349,109,22,13,10,3
558,860,104,22,15,8,2
559,640,92,22,18,5,5
560,239,123,20,8,13,5
561,286,101,17,15,3,4
562,100,111,23,12,12,1
563,306,111,19,11,9,6
564,855,128,17,6,12,4
565,346,133,19,16,4,7
566,299,98,23,17,7,2
567,789,107,21,7,15,1
568,795,118,20,10,11,3
569,407,101,16,2,15,11
570,954,95,21,14,8,3
571,863,103,17,14,4,2
572,203,114,21,8,14,5
573,936,92,22,12,11,5
574,552,112,22,9,14,5
575,470,112,19,12,8,1
576,251,116,22,13,10,5
577,213,122,17,2,16,5
578,995,102,20,4,17,11
579,293,107,23,9,15,10
580,724,109,16,7,10,8
581,691,101,20,11,10,3
582,131,106,22,19,4,2
583,508,102,17,11,7,2
584,331,106,15,12,4,2
585,788,105,17,17,1,1
586,531,111,22,8,15,5
587,173,112,23,8,16,6
588,532,119,22,4,19,2
589,356,111,22,13,10,2
590,56,116,20,15,6,2
591,264,110,21,14,8,1
592,116,118,22,12,11,6
593,105,102,21,16,6,0
594,255,93,16,5,12,0
595,279,87,18,3,16,4
596,528,106,20,2,19,1
597,153,97,20,14,7,2
598,983,108,23,18,6,2
599,15,112,20,15,6,3
600,641,111,20,11,10,7
601,608,106,15,6,10,0
602,275,114,22,10,13,2
603,354,114,18,12,7,3
604,206,107,23,4,20,1
605,456,108,20,12,9,2
606,179,98,16,8,9,0
607,790,85,15,13,3,4
608,605,120,22,21,2,4
609,314,104,21,16,6,3
610,493,104,21,4,18,3
611,301,106,23,16,8,2
612,556,111,23,10,14,1
613,972,101,21,13,9,3
614,628,105,22,9,14,1
615,237,98,20,10,11,3
616,638,108,22,11,12,5
617,231,99,19,8,12,9
618,529,114,18,4,15,7
619,904,104,20,12,9,11
620,777,116,19,9,11,5
621,333,106,17,9,9,2
622,804,101,23,6,18,14
623,462,87,17,9,9,5
624,850,109,20,6,15,10
625,72,112,17,3,15,5
626,459,78,20,15,6,5
627,87,104,18,8,11,6
628,73,101,22,20,3,3
629,226,90,20,8,13,1
630,448,87,20,9,12,0
631,390,106,18,12,7,4
632,907,106,14,10,5,4
633,732,97,22,20,3,0
634,741,109,21,10,12,1
635,687,108,18,6,13,1
636,771,121,21,13,9,6
637,228,111,22,12,11,9
638,985,115,22,8,15,2
639,267,90,19,15,5,3
640,58,95,21,20,2,0
641,695,104,22,11,12,2
642,171,81,22,18,5,3
643,350,98,21,13,9,2
644,468,101,19,9,11,1
645,827,94,19,4,16,7
646,219,122,18,13,6,3
647,792,103,20,5,16,14
648,90,99,18,7,12,2
649,3,107,19,5,15,7
650,191,96,18,8,11,1
651,481,98,23,12,12,0
652,897,104,15,10,6,4
653,99,102,20,12,9,9
654,677,101,13,0,14,0
655,666,131,5,2,4,4
656,554,100,18,11,8,0
657,241,103,23,18,6,4
658,870,99,22,11,12,3
659,418,106,23,14,10,5
660,678,107,22,9,14,6
661,266,121,18,12,7,3
662,773,111,21,7,15,1
663,235,113,23,10,14,1
664,775,107,12,10,3,1
665,701,105,22,13,10,1
666,624,96,20,16,5,0
667,612,109,19,13,7,5
668,685,91,17,3,15,5
669,506,91,20,12,9,1
670,270,99,19,9,11,10
671,371,127,21,13,9,0
672,764,120,20,9,12,1
673,13,107,21,14,8,0
674,672,102,16,6,11,15
675,230,120,19,12,8,2
676,708,88,20,8,13,1
677,710,88,19,17,3,2
678,697,107,19,7,13,1
679,642,129,19,11,9,4
680,894,115,22,15,8,3
681,696,104,22,6,17,12
682,651,105,23,1,23,0
683,147,113,21,14,8,4
684,830,118,22,10,13,10
685,352,131,22,12,11,1
686,717,114,19,0,20,0
687,989,107,20,6,15,3
688,461,106,16,12,5,1
689,246,114,22,2,21,1
690,347,102,15,3,13,0
691,576,107,22,15,8,2
692,45,93,20,10,11,1
693,66,96,18,12,7,5
694,663,118,19,19,1,2
695,358,117,22,21,2,1
696,971,109,21,17,5,5
697,282,93,19,10,10,0
698,159,109,23,8,16,3
699,720,113,17,3,15,0
700,648,119,20,8,13,4
701,360,108,18,14,5,6
702,625,104,23,9,15,3
703,770,105,22,12,11,2
704,215,113,20,17,4,2
705,145,102,20,13,8,5
706,403,97,23,18,6,1
707,962,99,16,6,11,3
708,189,121,20,9,12,4
709,38,118,23,12,12,1
710,101,117,22,18,5,2
711,199,92,18,9,10,2
712,168,102,19,7,13,1
713,504,98,20,7,14,2
714,759,112,19,10,10,3
715,665,103,19,2,18,9
716,571,107,22,9,14,2
717,435,128,23,17,7,3
718,86,111,18,15,4,1
719,208,102,19,16,4,4
720,879,98,21,11,11,5
721,81,100,21,11,11,1
722,247,97,21,5,17,6
723,942,102,14,6,9,1
724,996,108,21,7,15,3
725,295,92,21,16,6,5
726,433,91,23,6,18,3
727,832,103,21,2,20,8
728,809,106,20,10,11,0
729,619,106,21,2,20,3
730,755,121,19,15,5,1
731,137,103,18,3,16,8
732,523,104,20,4,17,10
733,573,113,18,8,11,1
734,265,115,16,7,10,0
735,466,107,20,5,16,2
736,623,101,21,20,2,5
737,872,110,23,6,18,2
738,673,120,21,8,14,0
739,151,120,10,3,8,3
740,611,109,19,11,9,5
741,903,112,17,18,0,0
742,259,103,22,10,13,2
743,866,103,17,13,5,3
744,838,113,20,12,9,1
745,126,110,19,13,7,2
746,60,111,18,14,5,4
747,906,96,22,17,6,1
748,353,105,10,7,4,2
749,763,116,22,18,5,5
750,54,112,20,14,7,2
751,416,108,22,13,10,7
752,837,96,20,11,10,2
753,370,112,23,12,12,0
754,550,95,19,9,11,1
755,693,107,19,16,4,1
756,78,114,22,8,15,5
757,961,92,15,6,10,4
758,361,92,23,4,20,8
759,463,103,20,5,16,1
760,944,89,13,6,8,2
761,283,112,21,3,19,7
762,858,132,21,11,11,1
763,97,113,20,19,2,1
764,825,118,22,12,11,1
765,150,95,21,14,8,1
766,984,94,23,15,9,1
767,990,100,17,12,6,4
768,373,96,22,4,19,4
769,18,106,22,13,10,2
770,455,118,18,11,8,2
771,731,102,22,15,8,0
772,835,124,18,11,8,9
773,399,97,19,10,10,7
774,337,109,14,12,3,0
775,815,91,22,15,8,8
776,780,104,21,6,16,3
777,124,102,17,3,15,1
778,311,110,21,16,6,2
779,569,118,20,14,7,2
780,210,110,18,1,18,0
781,937,112,19,11,9,6
782,614,117,19,8,12,11
783,643,93,22,12,11,5
784,667,93,19,7,13,1
785,274,98,22,9,14,8
786,50,99,18,13,6,4
787,970,111,23,1,23,0
788,510,100,20,14,7,5
789,187,102,21,7,15,10
790,586,83,22,11,12,1
791,200,96,21,10,12,6
792,207,106,18,11,8,1
793,111,126,18,5,14,3
794,451,113,20,5,16,2
795,783,98,21,12,10,1
796,14,87,16,4,13,2
797,686,107,19,13,7,0
798,413,95,18,1,18,9
799,779,94,23,13,11,2
800,102,110,21,7,15,3
801,979,112,20,3,18,4
802,431,122,18,6,13,0
803,975,124,21,14,8,7
804,772,112,15,15,1,3
805,396,99,14,11,4,2
806,432,124,16,13,4,1
807,61,93,17,14,4,10
808,467,114,14,4,11,5
809,139,105,18,17,2,0
810,298,99,19,14,6,1
811,621,113,21,8,14,2
812,209,110,22,15,8,1
813,233,100,20,16,5,5
814,281,120,21,15,7,1
815,930,108,17,2,16,1
816,675,96,22,8,15,3
817,160,98,23,16,8,2
818,36,121,15,6,10,2
819,887,118,22,15,8,12
820,67,115,21,10,12,3
821,74,98,20,7,14,6
822,369,89,21,10,12,2
823,134,107,22,13,10,0
824,988,102,21,14,8,3
825,889,119,14,10,5,4
826,912,99,21,13,9,0
827,753,104,23,8,16,2
828,834,106,15,10,6,3
829,778,106,22,14,9,1
830,729,131,16,8,9,2
831,583,104,22,9,14,3
832,714,102,23,16,8,1
833,868,103,20,17,4,1
834,917,88,21,10,12,2
835,257,106,16,11,6,1
836,420,97,18,15,4,2
837,109,92,22,18,5,1
838,997,119,15,7,9,6
839,25,91,23,12,12,8
840,901,97,21,10,12,2
841,581,93,23,13,11,8
842,103,102,18,14,5,3
843,316,119,19,7,13,1
844,397,114,15,4,12,9
845,669,93,20,7,14,4
846,232,101,23,14,10,3
847,477,111,16,8,9,10
848,52,113,19,4,16,8
849,190,101,20,15,6,0
850,927,113,23,12,12,2
851,575,103,21,16,6,1
852,812,111,20,9,12,2
853,183,107,22,10,13,8
854,313,72,20,10,11,1
855,59,114,23,13,11,7
856,626,87,21,16,6,8
857,108,100,15,8,8,7
858,956,103,23,17,7,3
859,93,115,19,9,11,1
860,899,98,23,7,17,16
861,920,103,21,6,16,12
862,442,107,22,6,17,6
863,445,98,23,16,8,2
864,565,104,20,8,13,9
865,120,116,20,13,8,3
866,895,130,19,2,18,3
867,417,116,22,14,9,1
868,238,121,18,7,12,6
869,202,121,18,11,8,6
870,388,106,22,6,17,6
871,211,105,15,6,10,4
872,574,111,23,6,18,0
873,284,98,19,12,8,1
874,881,117,20,10,11,2
875,938,99,18,9,10,2
876,336,114,18,7,12,0
877,141,111,17,13,5,2
878,44,104,21,13,9,1
879,558,112,20,10,11,1
880,498,114,23,8,16,1
881,935,122,22,12,11,5
882,941,114,20,19,2,3
883,973,100,20,13,8,5
884,296,93,21,14,8,5
885,256,109,19,11,9,1
886,692,91,22,10,13,2
887,654,101,17,12,6,1
888,429,99,21,9,13,3
889,767,120,23,7,17,4
890,892,112,19,10,10,2
891,288,112,17,10,8,5
892,214,108,20,16,5,0
893,359,101,23,13,11,3
894,392,93,20,7,14,9
895,622,113,23,21,3,6
896,398,116,22,9,14,5
897,929,114,23,15,9,2
898,21,129,20,10,11,0
899,649,97,21,16,6,2
900,543,113,22,9,14,4
901,600,101,18,6,13,4
902,521,102,23,7,17,6
903,479,99,22,10,13,2
904,501,99,22,10,13,5
905,55,109,22,9,14,12
906,184,117,22,8,15,0
907,891,113,16,8,9,0
908,849,92,22,14,9,2
909,308,113,16,12,5,5
910,19,92,18,13,6,1
911,652,113,20,4,17,2
912,376,109,23,12,12,3
913,157,115,18,16,3,1
914,856,81,18,9,10,4
915,843,85,17,5,13,0
916,597,100,19,15,5,8
917,533,120,21,9,13,5
918,20,118,21,14,8,5
919,603,98,15,13,3,3
920,146,112,23,15,9,2
921,487,100,15,4,12,2
922,57,100,21,8,14,21
923,491,98,23,9,15,1
924,620,96,19,13,7,1
925,797,120,19,7,13,11
926,615,107,19,5,15,1
927,524,102,16,4,13,4
928,768,106,21,9,13,2
929,414,106,23,15,9,2
930,135,112,12,6,7,4
931,27,100,19,5,15,7
932,664,121,19,10,10,7
933,847,112,23,8,16,16
934,96,98,18,7,12,2
935,525,110,20,15,6,1
936,329,102,22,15,8,3
937,195,102,19,6,14,3
938,327,110,21,9,13,1
939,774,110,21,12,10,9
940,844,102,17,4,14,1
941,610,98,18,0,19,0
942,450,109,20,7,14,3
943,248,85,18,8,11,2
944,291,90,21,8,14,1
945,630,93,23,11,13,5
946,909,119,21,11,11,11
947,258,99,20,15,6,1
948,721,88,23,12,12,4
949,530,110,18,6,13,1
950,260,81,18,3,16,8
951,806,97,19,10,10,1
952,16,98,20,4,17,11
953,236,101,18,5,14,5
954,857,100,22,21,2,1
955,277,99,21,9,13,6
956,63,117,22,9,14,3
957,447,118,22,17,6,3
958,629,114,18,3,16,4
959,430,83,15,6,10,2
960,221,113,22,14,9,2
961,563,113,17,8,10,5
962,986,108,18,9,10,4
963,205,103,11,3,9,7
964,11,114,16,17,0,0
965,959,97,23,13,11,2
966,400,107,19,7,13,1
967,500,102,20,7,14,0
968,738,99,23,11,13,2
969,999,99,21,8,14,4
970,945,106,23,6,18,1
971,660,103,22,12,11,0
972,658,110,23,16,8,1
973,786,76,17,6,12,3
974,280,139,21,2,20,3
975,380,112,21,14,8,0
976,647,100,16,15,2,6
977,483,99,18,6,13,5
978,94,95,16,10,7,5
979,43,101,22,16,7,1
980,609,106,18,7,12,7
981,865,88,23,11,13,1
982,107,109,21,6,16,0
983,544,99,23,18,6,1
984,441,93,19,18,2,7
985,478,98,19,13,7,1
986,742,99,23,14,10,3
987,873,109,17,11,7,6
988,670,93,22,10,13,2
989,921,111,21,14,8,3
990,422,120,20,7,14,1
991,457,115,23,18,6,0
992,338,107,19,13,7,4
993,234,83,22,15,8,6
994,377,113,23,9,15,7
995,480,87,22,5,18,0
996,197,89,19,6,14,9
997,84,91,15,11,5,4
998,216,94,22,10,13,8
999,495,116,20,14,7,1
